lat,lon,density_score,density_score_normalized,competitor_count,competitor_score,opportunity_score
21.05,78.95,0.5066324263430024,0.0,0,100.0,40.0
21.05,78.96000000000001,0.5312827254845913,0.5219787100546542,0,100.0,40.313187226032795
21.05,78.97000000000001,0.5586705265472801,1.1019249812062468,0,100.0,40.66115498872375
21.05,78.98000000000002,0.588881036749289,1.7416431061166429,0,100.0,41.044985863669986
21.05,78.99000000000002,0.6218723315526019,2.440245318022946,0,100.0,41.46414719081377
21.05,79.00000000000003,0.6573853004210235,3.192244860652228,0,100.0,41.915346916391336
21.05,79.01000000000003,0.6948129603351552,3.984788656170786,0,100.0,42.39087319370247
21.05,79.02000000000004,0.7330361178644069,4.7941773920532285,0,100.0,42.87650643523194
21.05,79.03000000000004,0.7702498535401734,5.582191266967177,0,100.0,43.349314760180306
21.05,79.04000000000005,0.8038260399081602,6.293178762423052,0,100.0,43.77590725745383
21.05,79.05000000000005,0.8303173278616129,6.854141054775111,0,100.0,44.11248463286507
21.05,79.06000000000006,0.8459055013095271,7.184226082210846,0,100.0,44.31053564932651
21.05,79.07000000000006,0.8477150783408876,7.222544509064353,0,100.0,44.333526705438615
21.05,79.08000000000007,0.8355287769889819,6.964495313658321,0,100.0,44.178697188194995
21.05,79.09000000000007,0.8120969467680923,6.468318109371005,0,100.0,43.8809908656226
21.05,79.10000000000008,0.7814724604325056,5.819833894971912,1,88.88888888888889,39.04745589253871
21.05,79.11000000000008,0.7472047943298422,5.094204074168897,1,88.88888888888889,38.6120780000569
21.05,79.12000000000009,0.7116903833961777,4.342173995303486,0,100.0,42.60530439718209
21.05,79.1300000000001,0.6763458541113139,3.593741219797095,0,100.0,42.15624473187826
21.05,79.1400000000001,0.6419677398751575,2.865772621118914,0,100.0,41.71946357267135
21.05,79.1500000000001,0.6090041157743531,2.1677563460208686,0,100.0,41.30065380761252
21.06,78.95,0.5236436485341258,0.3602185825321122,0,100.0,40.21613114951927
21.06,78.96000000000001,0.5524775081716021,0.970785650015445,0,100.0,40.58247139000927
21.06,78.97000000000001,0.5848870509922013,1.6570690601187998,0,100.0,40.99424143607128
21.06,78.98000000000002,0.6212343322475034,2.4267354594862103,0,100.0,41.456041275691724
21.06,78.99000000000002,0.6617999175581838,3.285725923312125,0,100.0,41.97143555398728
21.06,79.00000000000003,0.7066672671264447,4.235807750582903,0,100.0,42.541484650349744
21.06,79.01000000000003,0.7555242222253384,5.270370871023595,0,100.0,43.16222252261416
21.06,79.02000000000004,0.8073708896783094,6.3682421967340055,0,100.0,43.8209453180404
21.06,79.03000000000004,0.8601579158732515,7.486025947859759,0,100.0,44.49161556871586
21.06,79.04000000000005,0.9103744239095202,8.54937807748958,0,100.0,45.12962684649375
21.06,79.05000000000005,0.952509346231166,9.441599801671387,0,100.0,45.66495988100283
21.06,79.06000000000006,0.9787661421203796,9.997596642508778,0,100.0,45.998557985505265
21.06,79.07000000000006,0.98151564453209,10.05581831819365,0,100.0,46.03349099091619
21.06,79.08000000000007,0.9597026438182088,9.593920395184552,0,100.0,45.75635223711073
21.06,79.09000000000007,0.9207444133719328,8.768966233064454,0,100.0,45.261379739838674
21.06,79.10000000000008,0.873914734869136,7.777331403938871,1,88.88888888888889,40.22195439791888
21.06,79.11000000000008,0.8252864633599648,6.747610738532433,0,100.0,44.04856644311946
21.06,79.12000000000009,0.7777315327998826,5.740618443310724,0,100.0,43.44437106598643
21.06,79.1300000000001,0.7323779493758866,4.780240443999855,0,100.0,42.86814426639991
21.06,79.1400000000001,0.6896199490922325,3.874824825942583,0,100.0,42.32489489556555
21.06,79.1500000000001,0.6495849558971465,3.027069835831301,0,100.0,41.81624190149878
21.070000000000004,78.95,0.5402045968051377,0.7109024572442071,0,100.0,40.42654147434652
21.070000000000004,78.96000000000001,0.5733510135482237,1.4127894305060993,0,100.0,40.84767365830366
21.070000000000004,78.97000000000001,0.6111315409732272,2.212805319044183,0,100.0,41.32768319142651
21.070000000000004,78.98000000000002,0.6543105450400736,3.127135839529882,0,100.0,41.87628150371793
21.070000000000004,78.99000000000002,0.7037056753074898,4.17309500748445,0,100.0,42.50385700449067
21.070000000000004,79.00000000000003,0.7600818068832308,5.366879320962763,0,100.0,43.220127592577654
21.070000000000004,79.01000000000003,0.8238998668645983,6.718249072539642,0,100.0,44.03094944352379
21.070000000000004,79.02000000000004,0.8948487008495812,8.220615458872109,0,100.0,44.93236927532327
21.070000000000004,79.03000000000004,0.9712055420166216,9.837498289676198,0,100.0,45.90249897380572
21.070000000000004,79.04000000000005,1.0492351937273416,11.489803469099275,0,100.0,46.893882081459566
21.070000000000004,79.05000000000005,1.1219698188909235,13.029984608529784,0,100.0,47.81799076511787
21.070000000000004,79.06000000000006,1.1742731453960744,14.137525849466073,0,100.0,48.482515509679644
21.070000000000004,79.07000000000006,1.1806093554262849,14.271697314047795,0,100.0,48.563018388428674
21.070000000000004,79.08000000000007,1.1340709229179506,13.286229720768924,0,100.0,47.97173783246136
21.070000000000004,79.09000000000007,1.0614920298466244,11.749346262886323,0,100.0,47.04960775773179
21.070000000000004,79.10000000000008,0.9861923338440884,10.154848850861091,0,100.0,46.09290931051665
21.070000000000004,79.11000000000008,0.9161580918532964,8.671849270043316,0,100.0,45.203109562025986
21.070000000000004,79.12000000000009,0.8524823428696687,7.323493003641612,0,100.0,44.394095802184964
21.070000000000004,79.1300000000001,0.7945368099574643,6.096476067692479,0,100.0,43.65788564061549
21.070000000000004,79.1400000000001,0.7415874891797316,4.975255671985365,0,100.0,42.98515340319122
21.070000000000004,79.1500000000001,0.6931257686578467,3.949061782014903,0,100.0,42.36943706920894
21.080000000000005,78.95,0.555739382847763,1.039856987691417,0,100.0,40.62391419261485
21.080000000000005,78.96000000000001,0.5931539426807654,1.8321233844080296,0,100.0,41.09927403064482
21.080000000000005,78.97000000000001,0.6364285464498284,2.7484782620407966,0,100.0,41.649086957224476
21.080000000000005,78.98000000000002,0.6868706181891943,3.816606782013856,0,100.0,42.28996406920832
21.080000000000005,78.99000000000002,0.7461127987256577,5.0710806851348105,0,100.0,43.04264841108088
21.080000000000005,79.00000000000003,0.8161256579778826,6.553627478981094,0,100.0,43.93217648738866
21.080000000000005,79.01000000000003,0.8990472039426325,8.309520231024505,0,100.0,44.9857121386147
21.080000000000005,79.02000000000004,0.9965387156549864,10.373937106154264,0,100.0,46.224362263692555
21.080000000000005,79.03000000000004,1.1084747126059529,12.744221010683829,0,100.0,47.6465326064103
21.080000000000005,79.04000000000005,1.2324158935901433,15.368718888019048,0,100.0,49.22123133281143
21.080000000000005,79.05000000000005,1.3671810911578253,18.222419104092975,0,100.0,50.933451462455785
21.080000000000005,79.06000000000006,1.5045679227033464,21.13163333702033,0,100.0,52.6789800022122
21.080000000000005,79.07000000000006,1.5377971365065044,21.835273567001924,0,100.0,53.101164140201156
21.080000000000005,79.08000000000007,1.3974773428013736,18.86395283403096,0,100.0,51.318371700418574
21.080000000000005,79.09000000000007,1.2425176300036924,15.58262669141606,0,100.0,49.34957601484963
21.080000000000005,79.10000000000008,1.1189082966363473,12.96515580348899,0,100.0,47.779093482093394
21.080000000000005,79.11000000000008,1.0194249885898083,10.858561944005505,0,100.0,46.515137166403306
21.080000000000005,79.12000000000009,0.9357395394354356,9.086493274613764,0,100.0,45.451895964768255
21.080000000000005,79.1300000000001,0.8627789426972521,7.541527108018185,0,100.0,44.52491626481091
21.080000000000005,79.1400000000001,0.7977995414037989,6.165565547776684,0,100.0,43.699339328666014
21.080000000000005,79.1500000000001,0.7394294191491891,4.929557783928111,0,100.0,42.957734670356864
21.090000000000007,78.95,0.5695731639457409,1.3327921432132452,0,100.0,40.79967528592795
21.090000000000007,78.96000000000001,0.6109714738948024,2.209415842647225,0,100.0,41.32564950558834
21.090000000000007,78.97000000000001,0.6595108070003683,3.2372532062356387,0,100.0,41.942351923741384
21.090000000000007,78.98000000000002,0.7171472729963092,4.457725542082958,2,77.77777777777777,33.78574643636089
21.090000000000007,78.99000000000002,0.7865946714959099,5.92829850662413,0,100.0,43.55697910397448
21.090000000000007,79.00000000000003,0.8716843060389073,7.730101292978181,0,100.0,44.63806077578691
21.090000000000007,79.01000000000003,0.9777739335819748,9.976586279510464,0,100.0,45.985951767706275
21.090000000000007,79.02000000000004,1.11162843240823,12.811002131059327,0,100.0,47.68660127863559
21.090000000000007,79.03000000000004,1.2785007992804065,16.34458289222534,0,100.0,49.8067497353352
21.090000000000007,79.04000000000005,1.4754181020305432,20.5143756840516,0,100.0,52.30862541043096
21.090000000000007,79.05000000000005,1.7114487025650036,25.512406243142884,0,100.0,55.30744374588573
21.090000000000007,79.06000000000006,2.1637218243520584,35.089447858207905,0,100.0,61.05366871492474
21.090000000000007,79.07000000000006,2.7590694035121106,47.69614117333391,1,88.88888888888889,64.17324025955591
21.090000000000007,79.08000000000007,1.7823362723312262,27.01347533820528,0,100.0,56.208085202923165
21.090000000000007,79.09000000000007,1.4531356762585206,20.04253752117325,0,100.0,52.02552251270395
21.090000000000007,79.10000000000008,1.265493374036977,16.06914611108533,0,100.0,49.6414876666512
21.090000000000007,79.11000000000008,1.1326775430241585,13.256724413940796,0,100.0,47.95403464836448
21.090000000000007,79.12000000000009,1.0271010217112682,11.021104631380704,0,100.0,46.61266277882842
21.090000000000007,79.1300000000001,0.9373356191793056,9.120290821696836,0,100.0,45.4721744930181
21.090000000000007,79.1400000000001,0.8583925091406855,7.448642842539471,0,100.0,44.469185705523685
21.090000000000007,79.1500000000001,0.788308710835874,5.964593889431387,0,100.0,43.57875633365883
21.10000000000001,78.95,0.5810024122830143,1.574810476123413,0,100.0,40.944886285674045
21.10000000000001,78.96000000000001,0.6258151714888235,2.5237363333667977,0,100.0,41.51424180002008
21.10000000000001,78.97000000000001,0.6789350031643187,3.6485673569998887,0,100.0,42.18914041419993
21.10000000000001,78.98000000000002,0.7429597460004808,5.004313690350337,2,77.77777777777777,34.11369932532131
21.10000000000001,78.99000000000002,0.8217608484005738,6.672954608070008,0,100.0,44.003772764842005
21.10000000000001,79.00000000000003,0.9214447033261616,8.783795117893517,0,100.0,45.27027707073611
21.10000000000001,79.01000000000003,1.052321760466519,11.555162599865165,0,100.0,46.9330975599191
21.10000000000001,79.02000000000004,1.2329338645931511,15.37968710525823,0,100.0,49.22781226315494
21.10000000000001,79.03000000000004,1.4943780914033686,20.91586009357668,0,100.0,52.549516056146004
21.10000000000001,79.04000000000005,1.8405705298650064,28.24660611904796,0,100.0,56.94796367142878
21.10000000000001,79.05000000000005,2.1673827322757133,35.16696886453087,1,88.88888888888889,56.65573687427408
21.10000000000001,79.06000000000006,2.664670564936021,45.69721273406514,4,55.55555555555556,49.64054986266131
21.10000000000001,79.07000000000006,3.337311618239402,59.94062241101852,4,55.55555555555556,58.186595668833334
21.10000000000001,79.08000000000007,2.0861025864834133,33.445833335504425,0,100.0,60.067500001302655
21.10000000000001,79.09000000000007,1.6474397424522926,24.156994114484263,1,88.88888888888889,50.04975202424612
21.10000000000001,79.10000000000008,1.4144307583578972,19.22294734084749,2,77.77777777777777,42.64487951561961
21.10000000000001,79.11000000000008,1.2541493138789888,15.828931667680918,1,88.88888888888889,45.05291455616411
21.10000000000001,79.12000000000009,1.128012912196242,13.157949223893343,0,100.0,47.89476953433601
21.10000000000001,79.1300000000001,1.0200820055776458,10.872474508628985,0,100.0,46.52348470517739
21.10000000000001,79.1400000000001,0.9243181457908144,8.844641267569052,1,88.88888888888889,40.86234031609699
21.10000000000001,79.1500000000001,0.8396795518187521,7.052389423134477,1,88.88888888888889,39.78698920943624
21.11000000000001,78.95,0.5893859610967218,1.752335055858684,0,100.0,41.05140103351521
21.11000000000001,78.96000000000001,0.6367658673339599,2.755621149798958,0,100.0,41.653372689879376
21.11000000000001,78.97000000000001,0.6933147855071995,3.9530642799414815,0,100.0,42.371838567964886
21.11000000000001,78.98000000000002,0.7620961174654385,5.409533052396646,0,100.0,43.24571983143799
21.11000000000001,78.99000000000002,0.8478314650501889,7.225009038360314,0,100.0,44.335005423016185
21.11000000000001,79.00000000000003,0.9583782869024912,9.56587667406995,0,100.0,45.73952600444197
21.11000000000001,79.01000000000003,1.108404421078636,12.742732562996204,0,100.0,47.64563953779772
21.11000000000001,79.02000000000004,1.3310084111380636,17.456449946985302,0,100.0,50.47386996819118
21.11000000000001,79.03000000000004,1.733017505674722,25.96913319643323,1,88.88888888888889,51.137035473415494
21.11000000000001,79.04000000000005,3.024054675869905,53.30729704021916,2,77.77777777777777,63.095489335242604
21.11000000000001,79.05000000000005,3.051220406275065,53.882540887489725,6,33.33333333333334,45.66285786582717
21.11000000000001,79.06000000000006,3.45828488613474,62.50227369015323,6,33.33333333333334,50.83469754742527
21.11000000000001,79.07000000000006,2.824470403508094,49.081030233629,4,55.55555555555556,51.67084036239962
21.11000000000001,79.08000000000007,2.180922594326035,35.45368018136925,0,100.0,61.272208108821545
21.11000000000001,79.09000000000007,1.8092251241211093,27.582856183910888,1,88.88888888888889,52.10526926590209
21.11000000000001,79.10000000000008,1.5664840720301556,22.44272946496273,5,44.44444444444444,31.243415456755415
21.11000000000001,79.11000000000008,1.3892220719263173,18.68914458453416,6,33.33333333333334,24.546820084053834
21.11000000000001,79.12000000000009,1.2467611233117435,15.672484147114238,2,77.77777777777777,40.51460159937965
21.11000000000001,79.1300000000001,1.1179299082690717,12.944438087450347,0,100.0,47.766662852470205
21.11000000000001,79.1400000000001,0.9983284022093027,10.41183434519621,1,88.88888888888889,41.80265616267328
21.11000000000001,79.1500000000001,0.8933465080472105,8.188806000628581,1,88.88888888888889,40.468839155932706
21.12000000000001,78.95,0.5942380091204549,1.85507887060933,0,100.0,41.113047322365595
21.12000000000001,78.96000000000001,0.6431336497321342,2.8904611703202456,0,100.0,41.73427670219215
21.12000000000001,78.97000000000001,0.7016170679613569,4.12886801607623,0,100.0,42.47732080964574
21.12000000000001,78.98000000000002,0.7729093448593867,5.638506926271384,0,100.0,43.38310415576283
21.12000000000001,78.99000000000002,0.8619431675859409,7.523829277578393,0,100.0,44.514297566547036
21.12000000000001,79.00000000000003,0.9768001965084504,9.955967056244605,5,44.44444444444444,23.75135801152454
21.12000000000001,79.01000000000003,1.1320630381448211,13.24371205809082,5,44.44444444444444,25.72400501263227
21.12000000000001,79.02000000000004,1.3582072736534998,18.032395378284686,0,100.0,50.81943722697081
21.12000000000001,79.03000000000004,1.7345661131448429,26.001925501507976,1,88.88888888888889,51.15671085646034
21.12000000000001,79.04000000000005,2.434115670340797,40.81513216431816,2,77.77777777777777,55.60019040970201
21.12000000000001,79.05000000000005,2.819452415912435,48.97477259037658,9,0.0,29.384863554225948
21.12000000000001,79.06000000000006,3.023838031214323,53.30270951382805,8,11.111111111111114,36.426070152741275
21.12000000000001,79.07000000000006,2.6349424930672147,45.06771040967706,2,77.77777777777777,58.15173735691735
21.12000000000001,79.08000000000007,2.3342142219123136,38.69968403592964,1,88.88888888888889,58.77536597711334
21.12000000000001,79.09000000000007,2.009900561071785,31.83222878249493,0,100.0,59.09933726949696
21.12000000000001,79.10000000000008,1.7435438540580692,26.192032306872644,1,88.88888888888889,51.27077493967914
21.12000000000001,79.11000000000008,1.555764279261563,22.21573410197492,8,11.111111111111114,17.773884905629398
21.12000000000001,79.12000000000009,1.4145906472724237,19.22633304456156,8,11.111111111111114,15.98024427118138
21.12000000000001,79.1300000000001,1.253971869402983,15.82517421880942,1,88.88888888888889,45.050660086841205
21.12000000000001,79.1400000000001,1.0854310226265955,12.25626281183055,0,100.0,47.35375768709833
21.12000000000001,79.1500000000001,0.9473714494867106,9.332803040234111,0,100.0,45.59968182414047
21.130000000000013,78.95,0.595295961843265,1.877481389717894,0,100.0,41.126488833830734
21.130000000000013,78.96000000000001,0.6445757833204571,2.9209988536901506,0,100.0,41.75259931221409
21.130000000000013,78.97000000000001,0.7033854232215978,4.166313557501793,0,100.0,42.499788134501074
21.130000000000013,78.98000000000002,0.7747928953338883,5.678391766668489,0,100.0,43.40703506000109
21.130000000000013,78.99000000000002,0.8633322940352189,7.553244516230552,0,100.0,44.53194670973833
21.130000000000013,79.00000000000003,0.9759766165710064,9.938527462878833,5,44.44444444444444,23.74089425550508
21.130000000000013,79.01000000000003,1.123868805528446,13.070196315080343,3,66.66666666666667,34.508784455714874
21.130000000000013,79.02000000000004,1.3249675279959634,17.32853213260128,0,100.0,50.39711927956077
21.130000000000013,79.03000000000004,1.6039829000365249,23.23678026973785,0,100.0,53.94206816184271
21.130000000000013,79.04000000000005,1.9688231288916915,30.962399782101684,0,100.0,58.57743986926101
21.130000000000013,79.05000000000005,2.3947725613964552,39.98202806532329,3,66.66666666666667,50.65588350586064
21.130000000000013,79.06000000000006,2.866888933131381,49.97925744166407,9,0.0,29.98755446499844
21.130000000000013,79.07000000000006,3.2189446654738583,57.43416076676942,1,88.88888888888889,70.01605201561722
21.130000000000013,79.08000000000007,3.001714781341447,52.83424195631359,2,77.77777777777777,62.811656284899264
21.130000000000013,79.09000000000007,2.349973510542695,39.03339248723143,3,66.66666666666667,50.086702159005526
21.130000000000013,79.10000000000008,1.9596227105398047,30.767577704053217,3,66.66666666666667,45.127213289098606
21.130000000000013,79.11000000000008,1.773347895857323,26.823143321121645,7,22.222222222222214,24.982774881561873
21.130000000000013,79.12000000000009,1.8159698521336265,27.7256781597182,2,77.77777777777777,47.746518006942026
21.130000000000013,79.1300000000001,1.5151603368344668,21.355931412786823,0,100.0,52.81355884767209
21.130000000000013,79.1400000000001,1.1817279728289043,14.295384428979355,0,100.0,48.57723065738762
21.130000000000013,79.1500000000001,0.9928112552688798,10.295006828150576,0,100.0,46.17700409689034
21.14000000000001,78.95,0.5925427799830387,1.819181800423166,0,100.0,41.0915090802539
21.14000000000001,78.96000000000001,0.6411260698726315,2.847949964294884,0,100.0,41.70876997857693
21.14000000000001,78.97000000000001,0.6987730468831036,4.068644874552957,0,100.0,42.441186924731774
21.14000000000001,78.98000000000002,0.7681948859597088,5.538676609368343,0,100.0,43.32320596562101
21.14000000000001,78.99000000000002,0.8532230317577029,7.339177350030561,0,100.0,44.40350641001834
21.14000000000001,79.00000000000003,0.959369755252895,9.58687136332833,0,100.0,45.752122817997
21.14000000000001,79.01000000000003,1.0946253120019147,12.450955106655536,0,100.0,47.47057306399332
21.14000000000001,79.02000000000004,1.2704296322529716,16.173673106124284,0,100.0,49.70420386367457
21.14000000000001,79.03000000000004,1.503169696833067,21.10202541494436,0,100.0,52.66121524896661
21.14000000000001,79.04000000000005,1.8247344746547225,27.911272108554265,0,100.0,56.74676326513256
21.14000000000001,79.05000000000005,2.3726455841371537,39.51348157909699,1,88.88888888888889,59.26364450301375
21.14000000000001,79.06000000000006,4.936144006475916,93.7964577017664,7,22.222222222222214,65.16676350994872
21.14000000000001,79.07000000000006,4.202822313002013,78.26811423558932,3,66.66666666666667,73.62753520802026
21.14000000000001,79.08000000000007,4.001906252235026,74.01364634349483,7,22.222222222222214,53.29707669498578
21.14000000000001,79.09000000000007,2.89934160504645,50.666454125434726,3,66.66666666666667,57.06653914192751
21.14000000000001,79.10000000000008,2.1685162027407405,35.190970498256355,5,44.44444444444444,38.89236007673159
21.14000000000001,79.11000000000008,1.9107182578543729,29.73200880559701,1,88.88888888888889,53.39476083891377
21.14000000000001,79.12000000000009,2.650300338115361,45.39291815265028,1,88.88888888888889,62.79130644714573
21.14000000000001,79.1300000000001,1.734615691709822,26.002975344970142,0,100.0,55.601785206982086
21.14000000000001,79.1400000000001,1.2217922054219852,15.143758573574742,0,100.0,49.08625514414484
21.14000000000001,79.1500000000001,1.0104868191936285,10.66929307936132,0,100.0,46.40157584761679
21.150000000000016,78.95,0.586183081196995,1.684512953217393,0,100.0,41.010707771930434
21.150000000000016,78.96000000000001,0.6331377689413342,2.6787948967763726,0,100.0,41.60727693806582
21.150000000000016,78.97000000000001,0.6884011732314723,3.849016820612051,0,100.0,42.30941009236723
21.150000000000016,78.98000000000002,0.7542452186039498,5.243287521786615,0,100.0,43.14597251307197
21.150000000000016,78.99000000000002,0.8337555761038443,6.926947164429971,0,100.0,44.15616829865798
21.150000000000016,79.00000000000003,0.9311718378979688,8.98977059620947,0,100.0,45.39386235772568
21.150000000000016,79.01000000000003,1.052399067954109,11.556799612966632,0,100.0,46.93407976777998
21.150000000000016,79.02000000000004,1.2059660240408476,14.80863364486831,0,100.0,48.885180186920984
21.150000000000016,79.03000000000004,1.405759989888344,19.03934078439464,0,100.0,51.42360447063678
21.150000000000016,79.04000000000005,1.68090578324514,24.865649238843982,0,100.0,54.91938954330639
21.150000000000016,79.05000000000005,2.1072517750099333,33.89367480316233,0,100.0,60.336204881897395
21.150000000000016,79.06000000000006,2.7820789217585027,48.18337577378415,3,66.66666666666667,55.57669213093716
21.150000000000016,79.07000000000006,3.3701203101976662,60.6353579437838,3,66.66666666666667,63.047881432936954
21.150000000000016,79.08000000000007,5.229104562995446,100.0,4,55.55555555555556,82.22222222222223
21.150000000000016,79.09000000000007,3.600967184151783,65.52362127862591,2,77.77777777777777,70.42528387828665
21.150000000000016,79.10000000000008,2.217096693501201,36.21967938958922,2,77.77777777777777,52.84291874486464
21.150000000000016,79.11000000000008,1.8067448323465043,27.53033513766998,4,55.55555555555556,38.74042330482421
21.150000000000016,79.12000000000009,1.6286151921827745,23.758377675365107,3,66.66666666666667,40.92169327188574
21.150000000000016,79.1300000000001,1.4016889096393217,18.953134235552863,0,100.0,51.37188054133172
21.150000000000016,79.1400000000001,1.1618824132264498,13.87514775995959,0,100.0,48.325088655975755
21.150000000000016,79.1500000000001,0.9923014074546416,10.284210622276085,0,100.0,46.170526373365654
21.160000000000014,78.95,0.576589808612212,1.4813720493182054,0,100.0,40.888823229590926
21.160000000000014,78.96000000000001,0.621182613105782,2.425640288562492,0,100.0,41.455384173137496
21.160000000000014,78.97000000000001,0.6731598623385978,3.5262767291548167,0,100.0,42.11576603749289
21.160000000000014,78.98000000000002,0.7343495479617344,4.821989733964862,0,100.0,42.89319384037891
21.160000000000014,78.99000000000002,0.8071542307753272,6.363654368649208,0,100.0,43.818192621189525
21.160000000000014,79.00000000000003,0.8947704688580406,8.218958869075983,0,100.0,44.93137532144559
21.160000000000014,79.01000000000003,1.0015423113984123,10.479889996899598,0,100.0,46.287933998139756
21.160000000000014,79.02000000000004,1.1336346158158055,13.276990765206676,0,100.0,47.966194459124004
21.160000000000014,79.03000000000004,1.30044973270933,16.80935923804159,0,100.0,50.085615542824954
21.160000000000014,79.04000000000005,1.5170496965606823,21.39593926612177,0,100.0,52.83756355967306
21.160000000000014,79.05000000000005,1.8040376162563383,27.47300888964081,1,88.88888888888889,52.039360889340045
21.160000000000014,79.06000000000006,2.175581414576049,35.34057883115626,1,88.88888888888889,56.75990285424931
21.160000000000014,79.07000000000006,2.712774360429828,46.71582743631947,1,88.88888888888889,63.58505201734724
21.160000000000014,79.08000000000007,3.459739998409484,62.53308620174965,3,66.66666666666667,64.18651838771646
21.160000000000014,79.09000000000007,2.61069000304177,44.55415544685973,0,100.0,66.73249326811583
21.160000000000014,79.10000000000008,2.000187296234349,31.626547000657656,0,100.0,58.97592820039459
21.160000000000014,79.11000000000008,1.6468016498768916,24.14348228091624,0,100.0,54.48608936854974
21.160000000000014,79.12000000000009,1.421926446867973,19.38167116796973,0,100.0,51.62900270078184
21.160000000000014,79.1300000000001,1.2415136834878462,15.561367772638024,0,100.0,49.33682066358281
21.160000000000014,79.1400000000001,1.083449590049952,12.214305283669296,0,100.0,47.328583170201576
21.160000000000014,79.1500000000001,0.9540628101188606,9.474494943087633,0,100.0,45.68469696585258
21.17000000000002,78.95,0.5642424550079087,1.219912516111605,0,100.0,40.731947509666966
21.17000000000002,78.96000000000001,0.6059497641963172,2.1030793825650083,0,100.0,41.261847629539005
21.17000000000002,78.97000000000001,0.654044556029403,3.121503429152992,0,100.0,41.87290205749179
21.17000000000002,78.98000000000002,0.7099431742811166,4.305176230901648,0,100.0,42.583105738540986
21.17000000000002,78.99000000000002,0.7754517955592415,5.692344209505352,0,100.0,43.41540652570321
21.17000000000002,79.00000000000003,0.8529026786427708,7.332393760722628,0,100.0,44.399436256433574
21.17000000000002,79.01000000000003,0.9453708788747892,9.290440257478986,0,100.0,45.574264154487395
21.17000000000002,79.02000000000004,1.0570425848296765,11.65512770768481,0,100.0,46.993076624610886
21.17000000000002,79.03000000000004,1.193812801252219,14.551284899614652,0,100.0,48.73077093976879
21.17000000000002,79.04000000000005,1.364046342038587,18.15603969456913,1,88.88888888888889,46.44917937229704
21.17000000000002,79.05000000000005,1.5793944002264615,22.716110182153315,6,33.33333333333334,26.962999442625325
21.17000000000002,79.06000000000006,1.857629673017852,28.607839444713235,0,100.0,57.16470366682794
21.17000000000002,79.07000000000006,2.212449469936832,36.1212728044386,5,44.44444444444444,39.45054146044093
21.17000000000002,79.08000000000007,2.4185323204490574,40.4851492773723,5,44.44444444444444,42.06886734420116
21.17000000000002,79.09000000000007,2.1227649583676937,34.22217188919822,0,100.0,60.53330313351893
21.17000000000002,79.10000000000008,1.7553577301414838,26.442195266897837,0,100.0,55.8653171601387
21.17000000000002,79.11000000000008,1.4848812126400426,20.71476036257735,0,100.0,52.42885621754641
21.17000000000002,79.12000000000009,1.2896994230809449,16.581717669869082,0,100.0,49.94903060192145
21.17000000000002,79.1300000000001,1.1380531399135627,13.370554559124349,0,100.0,48.022332735474606
21.17000000000002,79.1400000000001,1.0132509608353213,10.727824745863696,0,100.0,46.43669484751822
21.17000000000002,79.1500000000001,0.9098628926100608,8.538546223226444,0,100.0,45.12312773393587
21.18000000000002,78.95,0.5496710863380228,0.9113586856550214,0,100.0,40.54681521139301
21.18000000000002,78.96000000000001,0.5881658900654384,1.726499624839111,0,100.0,41.03589977490347
21.18000000000002,78.97000000000001,0.6320496912132667,2.655754470140022,0,100.0,41.59345268208401
21.18000000000002,78.98000000000002,0.6823752097232434,3.721414934695992,0,100.0,42.23284896081759
21.18000000000002,78.99000000000002,0.7404424853565745,4.951009815365685,0,100.0,42.970605889219414
21.18000000000002,79.00000000000003,0.8078760858384785,6.378939902205853,0,100.0,43.82736394132351
21.18000000000002,79.01000000000003,0.8867495554590428,8.04911322114203,0,100.0,44.82946793268522
21.18000000000002,79.02000000000004,0.9798067591675352,10.019632072619183,0,100.0,46.01177924357151
21.18000000000002,79.03000000000004,1.090909856438255,12.37227903496794,0,100.0,47.42336742098077
21.18000000000002,79.04000000000005,1.226209399442638,15.237294202644303,8,11.111111111111114,13.586820966031027
21.18000000000002,79.05000000000005,1.3984510028009105,18.88457042522816,7,22.222222222222214,20.219631144025783
21.18000000000002,79.06000000000006,1.6481572421780006,24.172187422246516,0,100.0,54.50331245334791
21.18000000000002,79.07000000000006,2.213736064228615,36.14851688877733,0,100.0,61.6891101332664
21.18000000000002,79.08000000000007,4.28734980284,80.05801341110684,2,77.77777777777777,79.14591915777521
21.18000000000002,79.09000000000007,2.018117157344793,32.00621808376019,0,100.0,59.20373085025611
21.18000000000002,79.10000000000008,1.5646102264884008,22.40305012991253,0,100.0,53.441830077947515
21.18000000000002,79.11000000000008,1.3339266715912146,17.518245133250172,0,100.0,50.5109470799501
21.18000000000002,79.12000000000009,1.1734780352844931,14.120689114625224,1,88.88888888888889,44.02796902433069
21.18000000000002,79.1300000000001,1.049281009188971,11.490773627531208,1,88.88888888888889,42.45001973207428
21.18000000000002,79.1400000000001,0.9482063780206073,9.350482944100913,0,100.0,45.610289766460546
21.18000000000002,79.1500000000001,0.8645002008737326,7.577975352214722,0,100.0,44.54678521132883
21.190000000000023,78.95,0.5334118373312549,0.5670633984351084,0,100.0,40.34023803906106
21.190000000000023,78.96000000000001,0.568538683440327,1.31088665652154,0,100.0,40.786531993912924
21.190000000000023,78.97000000000001,0.608104469414739,2.148706019548178,0,100.0,41.28922361172891
21.190000000000023,78.98000000000002,0.6528523739648053,3.096258556762008,0,100.0,41.85775513405721
21.190000000000023,78.99000000000002,0.7036644101861006,4.172221204099377,0,100.0,42.503332722459625
21.190000000000023,79.00000000000003,0.761597071826058,5.398965586354713,0,100.0,43.23937935181283
21.190000000000023,79.01000000000003,0.8279441715267679,6.803888638960387,0,100.0,44.082333183376235
21.190000000000023,79.02000000000004,0.90436896126307,8.422210304495431,0,100.0,45.05332618269726
21.190000000000023,79.03000000000004,0.9932363643544236,10.304008661792835,0,100.0,46.1824051970757
21.190000000000023,79.04000000000005,1.0985962521290464,12.53504115337484,0,100.0,47.5210246920249
21.190000000000023,79.05000000000005,1.229454900920402,15.306018832114848,0,100.0,49.18361129926891
21.190000000000023,79.06000000000006,1.4114854279900608,19.16057893966675,0,100.0,51.49634736380005
21.190000000000023,79.07000000000006,1.7216727652199304,25.728904347505956,0,100.0,55.43734260850357
21.190000000000023,79.08000000000007,2.0138899601974423,31.916705704967264,0,100.0,59.150023422980354
21.190000000000023,79.09000000000007,1.6344293233761151,23.8814939378882,0,100.0,54.32889636273292
21.190000000000023,79.10000000000008,1.355864205499287,17.98278009022343,0,100.0,50.789668054134054
21.190000000000023,79.11000000000008,1.1864580279684205,14.395545001718466,0,100.0,48.63732700103108
21.190000000000023,79.12000000000009,1.0635116951795094,11.792113383039556,0,100.0,47.07526802982373
21.190000000000023,79.1300000000001,0.9660216302302668,9.727727143624936,1,88.88888888888889,41.39219184173052
21.190000000000023,79.1400000000001,0.8858126286969625,8.029273469101812,1,88.88888888888889,40.37311963701664
21.190000000000023,79.1500000000001,0.819254885238193,6.619889961209917,0,100.0,43.97193397672595
