lat,lon,density_score,density_score_normalized
21.05,78.95,0.5066324263430024,0.0
21.05,78.96000000000001,0.5312827254845913,0.5219787100546542
21.05,78.97000000000001,0.5586705265472801,1.1019249812062468
21.05,78.98000000000002,0.588881036749289,1.7416431061166429
21.05,78.99000000000002,0.6218723315526019,2.4402453180229466
21.05,79.00000000000003,0.6573853004210235,3.192244860652228
21.05,79.01000000000003,0.6948129603351552,3.984788656170786
21.05,79.02000000000004,0.7330361178644069,4.7941773920532285
21.05,79.03000000000004,0.7702498535401734,5.582191266967177
21.05,79.04000000000005,0.8038260399081602,6.293178762423052
21.05,79.05000000000005,0.8303173278616129,6.854141054775111
21.05,79.06000000000006,0.8459055013095271,7.184226082210846
21.05,79.07000000000006,0.8477150783408876,7.222544509064353
21.05,79.08000000000007,0.8355287769889819,6.964495313658321
21.05,79.09000000000007,0.8120969467680923,6.468318109371005
21.05,79.10000000000008,0.7814724604325056,5.819833894971912
21.05,79.11000000000008,0.7472047943298422,5.094204074168897
21.05,79.12000000000009,0.7116903833961777,4.342173995303486
21.05,79.1300000000001,0.6763458541113139,3.593741219797095
21.05,79.1400000000001,0.6419677398751575,2.865772621118914
21.05,79.1500000000001,0.6090041157743531,2.1677563460208686
21.060000000000002,78.95,0.5236436485341258,0.3602185825321122
21.060000000000002,78.96000000000001,0.5524775081716021,0.970785650015445
21.060000000000002,78.97000000000001,0.5848870509922013,1.6570690601187998
21.060000000000002,78.98000000000002,0.6212343322475034,2.4267354594862103
21.060000000000002,78.99000000000002,0.6617999175581838,3.285725923312125
21.060000000000002,79.00000000000003,0.7066672671264447,4.235807750582903
21.060000000000002,79.01000000000003,0.7555242222253384,5.270370871023595
21.060000000000002,79.02000000000004,0.8073708896783094,6.3682421967340055
21.060000000000002,79.03000000000004,0.8601579158732515,7.486025947859759
21.060000000000002,79.04000000000005,0.9103744239095202,8.54937807748958
21.060000000000002,79.05000000000005,0.9525093462311661,9.441599801671389
21.060000000000002,79.06000000000006,0.9787661421203797,9.997596642508778
21.060000000000002,79.07000000000006,0.98151564453209,10.05581831819365
21.060000000000002,79.08000000000007,0.9597026438182089,9.593920395184552
21.060000000000002,79.09000000000007,0.9207444133719327,8.768966233064454
21.060000000000002,79.10000000000008,0.873914734869136,7.777331403938871
21.060000000000002,79.11000000000008,0.8252864633599648,6.747610738532433
21.060000000000002,79.12000000000009,0.7777315327998826,5.740618443310724
21.060000000000002,79.1300000000001,0.7323779493758866,4.780240443999855
21.060000000000002,79.1400000000001,0.6896199490922325,3.8748248259425826
21.060000000000002,79.1500000000001,0.6495849558971465,3.027069835831301
21.070000000000004,78.95,0.5402045968051377,0.7109024572442071
21.070000000000004,78.96000000000001,0.5733510135482237,1.4127894305060993
21.070000000000004,78.97000000000001,0.6111315409732272,2.212805319044183
21.070000000000004,78.98000000000002,0.6543105450400736,3.127135839529882
21.070000000000004,78.99000000000002,0.7037056753074898,4.17309500748445
21.070000000000004,79.00000000000003,0.7600818068832308,5.366879320962763
21.070000000000004,79.01000000000003,0.8238998668645983,6.718249072539642
21.070000000000004,79.02000000000004,0.8948487008495812,8.220615458872109
21.070000000000004,79.03000000000004,0.9712055420166216,9.837498289676198
21.070000000000004,79.04000000000005,1.0492351937273416,11.489803469099275
21.070000000000004,79.05000000000005,1.1219698188909235,13.029984608529785
21.070000000000004,79.06000000000006,1.1742731453960744,14.137525849466073
21.070000000000004,79.07000000000006,1.1806093554262849,14.271697314047795
21.070000000000004,79.08000000000007,1.1340709229179506,13.286229720768924
21.070000000000004,79.09000000000007,1.0614920298466244,11.749346262886325
21.070000000000004,79.10000000000008,0.9861923338440883,10.154848850861091
21.070000000000004,79.11000000000008,0.9161580918532963,8.671849270043316
21.070000000000004,79.12000000000009,0.8524823428696687,7.323493003641612
21.070000000000004,79.1300000000001,0.7945368099574643,6.096476067692479
21.070000000000004,79.1400000000001,0.7415874891797316,4.975255671985365
21.070000000000004,79.1500000000001,0.6931257686578467,3.949061782014903
21.080000000000005,78.95,0.555739382847763,1.039856987691417
21.080000000000005,78.96000000000001,0.5931539426807654,1.8321233844080298
21.080000000000005,78.97000000000001,0.6364285464498284,2.7484782620407966
21.080000000000005,78.98000000000002,0.6868706181891943,3.816606782013856
21.080000000000005,78.99000000000002,0.7461127987256577,5.0710806851348105
21.080000000000005,79.00000000000003,0.8161256579778826,6.553627478981094
21.080000000000005,79.01000000000003,0.8990472039426325,8.309520231024505
21.080000000000005,79.02000000000004,0.9965387156549864,10.373937106154264
21.080000000000005,79.03000000000004,1.1084747126059527,12.744221010683829
21.080000000000005,79.04000000000005,1.2324158935901433,15.368718888019048
21.080000000000005,79.05000000000005,1.3671810911578253,18.222419104092978
21.080000000000005,79.06000000000006,1.5045679227033464,21.13163333702033
21.080000000000005,79.07000000000006,1.5377971365065044,21.835273567001924
21.080000000000005,79.08000000000007,1.3974773428013736,18.86395283403096
21.080000000000005,79.09000000000007,1.2425176300036924,15.58262669141606
21.080000000000005,79.10000000000008,1.1189082966363473,12.96515580348899
21.080000000000005,79.11000000000008,1.0194249885898083,10.858561944005505
21.080000000000005,79.12000000000009,0.9357395394354356,9.086493274613764
21.080000000000005,79.1300000000001,0.8627789426972521,7.541527108018185
21.080000000000005,79.1400000000001,0.7977995414037989,6.1655655477766835
21.080000000000005,79.1500000000001,0.7394294191491891,4.929557783928111
21.090000000000007,78.95,0.5695731639457409,1.3327921432132452
21.090000000000007,78.96000000000001,0.6109714738948024,2.2094158426472252
21.090000000000007,78.97000000000001,0.6595108070003683,3.2372532062356387
21.090000000000007,78.98000000000002,0.7171472729963092,4.457725542082958
21.090000000000007,78.99000000000002,0.7865946714959099,5.92829850662413
21.090000000000007,79.00000000000003,0.8716843060389073,7.730101292978181
21.090000000000007,79.01000000000003,0.9777739335819748,9.976586279510464
21.090000000000007,79.02000000000004,1.11162843240823,12.811002131059327
21.090000000000007,79.03000000000004,1.2785007992804063,16.34458289222534
21.090000000000007,79.04000000000005,1.4754181020305432,20.514375684051597
21.090000000000007,79.05000000000005,1.7114487025650036,25.512406243142884
21.090000000000007,79.06000000000006,2.1637218243520584,35.089447858207905
21.090000000000007,79.07000000000006,2.7590694035121106,47.69614117333391
21.090000000000007,79.08000000000007,1.7823362723312262,27.01347533820528
21.090000000000007,79.09000000000007,1.4531356762585206,20.04253752117325
21.090000000000007,79.10000000000008,1.265493374036977,16.06914611108533
21.090000000000007,79.11000000000008,1.1326775430241585,13.256724413940796
21.090000000000007,79.12000000000009,1.0271010217112682,11.021104631380704
21.090000000000007,79.1300000000001,0.9373356191793057,9.120290821696836
21.090000000000007,79.1400000000001,0.8583925091406855,7.4486428425394715
21.090000000000007,79.1500000000001,0.788308710835874,5.964593889431387
21.10000000000001,78.95,0.5810024122830143,1.574810476123413
21.10000000000001,78.96000000000001,0.6258151714888235,2.5237363333667977
21.10000000000001,78.97000000000001,0.6789350031643187,3.6485673569998887
21.10000000000001,78.98000000000002,0.7429597460004808,5.004313690350337
21.10000000000001,78.99000000000002,0.8217608484005738,6.672954608070008
21.10000000000001,79.00000000000003,0.9214447033261615,8.783795117893517
21.10000000000001,79.01000000000003,1.052321760466519,11.555162599865163
21.10000000000001,79.02000000000004,1.2329338645931511,15.37968710525823
21.10000000000001,79.03000000000004,1.4943780914033686,20.915860093576676
21.10000000000001,79.04000000000005,1.8405705298650064,28.246606119047957
21.10000000000001,79.05000000000005,2.1673827322757133,35.16696886453087
21.10000000000001,79.06000000000006,2.664670564936021,45.69721273406514
21.10000000000001,79.07000000000006,3.337311618239402,59.940622411018516
21.10000000000001,79.08000000000007,2.0861025864834133,33.445833335504425
21.10000000000001,79.09000000000007,1.6474397424522926,24.156994114484263
21.10000000000001,79.10000000000008,1.4144307583578972,19.222947340847494
21.10000000000001,79.11000000000008,1.2541493138789888,15.828931667680918
21.10000000000001,79.12000000000009,1.1280129121962421,13.157949223893345
21.10000000000001,79.1300000000001,1.0200820055776458,10.872474508628983
21.10000000000001,79.1400000000001,0.9243181457908144,8.844641267569052
21.10000000000001,79.1500000000001,0.8396795518187521,7.052389423134477
21.11000000000001,78.95,0.5893859610967218,1.752335055858684
21.11000000000001,78.96000000000001,0.6367658673339599,2.755621149798958
21.11000000000001,78.97000000000001,0.6933147855071995,3.9530642799414824
21.11000000000001,78.98000000000002,0.7620961174654385,5.409533052396646
21.11000000000001,78.99000000000002,0.8478314650501889,7.225009038360314
21.11000000000001,79.00000000000003,0.9583782869024913,9.56587667406995
21.11000000000001,79.01000000000003,1.108404421078636,12.742732562996203
21.11000000000001,79.02000000000004,1.3310084111380636,17.456449946985302
21.11000000000001,79.03000000000004,1.733017505674722,25.96913319643323
21.11000000000001,79.04000000000005,3.024054675869905,53.30729704021916
21.11000000000001,79.05000000000005,3.051220406275065,53.882540887489725
21.11000000000001,79.06000000000006,3.4582848861347397,62.50227369015323
21.11000000000001,79.07000000000006,2.824470403508094,49.081030233629
21.11000000000001,79.08000000000007,2.180922594326035,35.45368018136925
21.11000000000001,79.09000000000007,1.8092251241211095,27.582856183910888
21.11000000000001,79.10000000000008,1.5664840720301556,22.44272946496273
21.11000000000001,79.11000000000008,1.3892220719263173,18.689144584534162
21.11000000000001,79.12000000000009,1.2467611233117437,15.672484147114238
21.11000000000001,79.1300000000001,1.1179299082690717,12.944438087450349
21.11000000000001,79.1400000000001,0.9983284022093029,10.41183434519621
21.11000000000001,79.1500000000001,0.8933465080472105,8.188806000628581
21.12000000000001,78.95,0.5942380091204549,1.85507887060933
21.12000000000001,78.96000000000001,0.6431336497321342,2.8904611703202456
21.12000000000001,78.97000000000001,0.7016170679613569,4.12886801607623
21.12000000000001,78.98000000000002,0.7729093448593867,5.638506926271384
21.12000000000001,78.99000000000002,0.8619431675859409,7.523829277578393
21.12000000000001,79.00000000000003,0.9768001965084504,9.955967056244603
21.12000000000001,79.01000000000003,1.1320630381448213,13.24371205809082
21.12000000000001,79.02000000000004,1.3582072736534998,18.032395378284686
21.12000000000001,79.03000000000004,1.7345661131448429,26.001925501507976
21.12000000000001,79.04000000000005,2.434115670340797,40.81513216431816
21.12000000000001,79.05000000000005,2.819452415912435,48.97477259037658
21.12000000000001,79.06000000000006,3.023838031214323,53.30270951382805
21.12000000000001,79.07000000000006,2.6349424930672147,45.06771040967706
21.12000000000001,79.08000000000007,2.3342142219123136,38.69968403592964
21.12000000000001,79.09000000000007,2.009900561071785,31.83222878249493
21.12000000000001,79.10000000000008,1.7435438540580692,26.192032306872644
21.12000000000001,79.11000000000008,1.555764279261563,22.215734101974917
21.12000000000001,79.12000000000009,1.4145906472724237,19.22633304456156
21.12000000000001,79.1300000000001,1.2539718694029833,15.82517421880942
21.12000000000001,79.1400000000001,1.0854310226265955,12.25626281183055
21.12000000000001,79.1500000000001,0.9473714494867106,9.332803040234113
21.130000000000013,78.95,0.595295961843265,1.877481389717894
21.130000000000013,78.96000000000001,0.6445757833204571,2.9209988536901506
21.130000000000013,78.97000000000001,0.7033854232215978,4.166313557501793
21.130000000000013,78.98000000000002,0.7747928953338883,5.678391766668489
21.130000000000013,78.99000000000002,0.8633322940352189,7.553244516230552
21.130000000000013,79.00000000000003,0.9759766165710063,9.938527462878833
21.130000000000013,79.01000000000003,1.123868805528446,13.070196315080343
21.130000000000013,79.02000000000004,1.3249675279959634,17.32853213260128
21.130000000000013,79.03000000000004,1.6039829000365247,23.236780269737846
21.130000000000013,79.04000000000005,1.9688231288916915,30.962399782101684
21.130000000000013,79.05000000000005,2.3947725613964552,39.98202806532329
21.130000000000013,79.06000000000006,2.866888933131381,49.97925744166407
21.130000000000013,79.07000000000006,3.2189446654738583,57.43416076676942
21.130000000000013,79.08000000000007,3.001714781341447,52.83424195631359
21.130000000000013,79.09000000000007,2.349973510542695,39.03339248723143
21.130000000000013,79.10000000000008,1.9596227105398052,30.767577704053217
21.130000000000013,79.11000000000008,1.773347895857323,26.823143321121645
21.130000000000013,79.12000000000009,1.8159698521336263,27.725678159718196
21.130000000000013,79.1300000000001,1.5151603368344668,21.355931412786823
21.130000000000013,79.1400000000001,1.1817279728289045,14.295384428979355
21.130000000000013,79.1500000000001,0.9928112552688798,10.295006828150575
21.140000000000015,78.95,0.5925427799830387,1.8191818004231661
21.140000000000015,78.96000000000001,0.6411260698726315,2.847949964294884
21.140000000000015,78.97000000000001,0.6987730468831036,4.068644874552957
21.140000000000015,78.98000000000002,0.7681948859597088,5.538676609368343
21.140000000000015,78.99000000000002,0.8532230317577029,7.339177350030561
21.140000000000015,79.00000000000003,0.959369755252895,9.58687136332833
21.140000000000015,79.01000000000003,1.0946253120019147,12.450955106655536
21.140000000000015,79.02000000000004,1.2704296322529716,16.173673106124284
21.140000000000015,79.03000000000004,1.503169696833067,21.102025414944357
21.140000000000015,79.04000000000005,1.8247344746547225,27.911272108554265
21.140000000000015,79.05000000000005,2.3726455841371537,39.51348157909699
21.140000000000015,79.06000000000006,4.936144006475916,93.79645770176641
21.140000000000015,79.07000000000006,4.202822313002013,78.26811423558932
21.140000000000015,79.08000000000007,4.001906252235026,74.01364634349483
21.140000000000015,79.09000000000007,2.89934160504645,50.666454125434726
21.140000000000015,79.10000000000008,2.1685162027407405,35.190970498256355
21.140000000000015,79.11000000000008,1.9107182578543727,29.732008805597015
21.140000000000015,79.12000000000009,2.650300338115361,45.39291815265028
21.140000000000015,79.1300000000001,1.734615691709822,26.002975344970142
21.140000000000015,79.1400000000001,1.2217922054219852,15.143758573574742
21.140000000000015,79.1500000000001,1.0104868191936283,10.669293079361319
21.150000000000016,78.95,0.586183081196995,1.684512953217393
21.150000000000016,78.96000000000001,0.6331377689413342,2.6787948967763726
21.150000000000016,78.97000000000001,0.6884011732314723,3.849016820612051
21.150000000000016,78.98000000000002,0.7542452186039498,5.243287521786615
21.150000000000016,78.99000000000002,0.8337555761038443,6.926947164429971
21.150000000000016,79.00000000000003,0.9311718378979689,8.98977059620947
21.150000000000016,79.01000000000003,1.052399067954109,11.556799612966632
21.150000000000016,79.02000000000004,1.2059660240408476,14.80863364486831
21.150000000000016,79.03000000000004,1.405759989888344,19.039340784394636
21.150000000000016,79.04000000000005,1.68090578324514,24.865649238843982
21.150000000000016,79.05000000000005,2.1072517750099333,33.89367480316233
21.150000000000016,79.06000000000006,2.7820789217585027,48.18337577378415
21.150000000000016,79.07000000000006,3.3701203101976662,60.635357943783795
21.150000000000016,79.08000000000007,5.229104562995446,100.0
21.150000000000016,79.09000000000007,3.600967184151783,65.52362127862591
21.150000000000016,79.10000000000008,2.217096693501201,36.21967938958922
21.150000000000016,79.11000000000008,1.8067448323465045,27.53033513766998
21.150000000000016,79.12000000000009,1.6286151921827743,23.758377675365107
21.150000000000016,79.1300000000001,1.4016889096393215,18.953134235552863
21.150000000000016,79.1400000000001,1.1618824132264498,13.87514775995959
21.150000000000016,79.1500000000001,0.9923014074546415,10.284210622276085
21.160000000000018,78.95,0.576589808612212,1.4813720493182054
21.160000000000018,78.96000000000001,0.621182613105782,2.425640288562492
21.160000000000018,78.97000000000001,0.6731598623385978,3.5262767291548167
21.160000000000018,78.98000000000002,0.7343495479617344,4.821989733964862
21.160000000000018,78.99000000000002,0.8071542307753272,6.3636543686492075
21.160000000000018,79.00000000000003,0.8947704688580406,8.218958869075983
21.160000000000018,79.01000000000003,1.0015423113984125,10.479889996899598
21.160000000000018,79.02000000000004,1.1336346158158057,13.276990765206676
21.160000000000018,79.03000000000004,1.30044973270933,16.80935923804159
21.160000000000018,79.04000000000005,1.5170496965606823,21.39593926612177
21.160000000000018,79.05000000000005,1.8040376162563383,27.473008889640806
21.160000000000018,79.06000000000006,2.175581414576049,35.34057883115626
21.160000000000018,79.07000000000006,2.7127743604298273,46.71582743631947
21.160000000000018,79.08000000000007,3.459739998409484,62.533086201749654
21.160000000000018,79.09000000000007,2.61069000304177,44.554155446859724
21.160000000000018,79.10000000000008,2.0001872962343494,31.626547000657656
21.160000000000018,79.11000000000008,1.6468016498768916,24.14348228091624
21.160000000000018,79.12000000000009,1.4219264468679733,19.38167116796973
21.160000000000018,79.1300000000001,1.2415136834878462,15.561367772638024
21.160000000000018,79.1400000000001,1.0834495900499521,12.214305283669296
21.160000000000018,79.1500000000001,0.9540628101188606,9.474494943087631
21.17000000000002,78.95,0.5642424550079087,1.2199125161116047
21.17000000000002,78.96000000000001,0.6059497641963172,2.1030793825650083
21.17000000000002,78.97000000000001,0.654044556029403,3.121503429152992
21.17000000000002,78.98000000000002,0.7099431742811166,4.305176230901648
21.17000000000002,78.99000000000002,0.7754517955592415,5.692344209505352
21.17000000000002,79.00000000000003,0.8529026786427708,7.332393760722628
21.17000000000002,79.01000000000003,0.9453708788747891,9.290440257478986
21.17000000000002,79.02000000000004,1.0570425848296763,11.65512770768481
21.17000000000002,79.03000000000004,1.193812801252219,14.551284899614652
21.17000000000002,79.04000000000005,1.364046342038587,18.15603969456913
21.17000000000002,79.05000000000005,1.5793944002264615,22.716110182153315
21.17000000000002,79.06000000000006,1.857629673017852,28.607839444713235
21.17000000000002,79.07000000000006,2.212449469936832,36.1212728044386
21.17000000000002,79.08000000000007,2.4185323204490574,40.4851492773723
21.17000000000002,79.09000000000007,2.1227649583676937,34.22217188919822
21.17000000000002,79.10000000000008,1.7553577301414838,26.442195266897834
21.17000000000002,79.11000000000008,1.4848812126400426,20.71476036257735
21.17000000000002,79.12000000000009,1.2896994230809447,16.581717669869082
21.17000000000002,79.1300000000001,1.1380531399135627,13.370554559124347
21.17000000000002,79.1400000000001,1.0132509608353213,10.727824745863696
21.17000000000002,79.1500000000001,0.9098628926100608,8.538546223226444
21.18000000000002,78.95,0.5496710863380228,0.9113586856550214
21.18000000000002,78.96000000000001,0.5881658900654384,1.7264996248391107
21.18000000000002,78.97000000000001,0.6320496912132667,2.655754470140022
21.18000000000002,78.98000000000002,0.6823752097232434,3.721414934695992
21.18000000000002,78.99000000000002,0.7404424853565745,4.951009815365685
21.18000000000002,79.00000000000003,0.8078760858384785,6.378939902205853
21.18000000000002,79.01000000000003,0.8867495554590428,8.04911322114203
21.18000000000002,79.02000000000004,0.9798067591675351,10.019632072619183
21.18000000000002,79.03000000000004,1.0909098564382553,12.37227903496794
21.18000000000002,79.04000000000005,1.226209399442638,15.237294202644305
21.18000000000002,79.05000000000005,1.3984510028009103,18.884570425228162
21.18000000000002,79.06000000000006,1.6481572421780006,24.172187422246513
21.18000000000002,79.07000000000006,2.213736064228615,36.14851688877733
21.18000000000002,79.08000000000007,4.28734980284,80.05801341110684
21.18000000000002,79.09000000000007,2.018117157344793,32.00621808376019
21.18000000000002,79.10000000000008,1.5646102264884008,22.40305012991253
21.18000000000002,79.11000000000008,1.3339266715912146,17.518245133250172
21.18000000000002,79.12000000000009,1.1734780352844933,14.120689114625225
21.18000000000002,79.1300000000001,1.049281009188971,11.490773627531208
21.18000000000002,79.1400000000001,0.9482063780206071,9.350482944100913
21.18000000000002,79.1500000000001,0.8645002008737326,7.577975352214722
21.190000000000023,78.95,0.5334118373312549,0.5670633984351084
21.190000000000023,78.96000000000001,0.568538683440327,1.31088665652154
21.190000000000023,78.97000000000001,0.608104469414739,2.148706019548178
21.190000000000023,78.98000000000002,0.6528523739648053,3.096258556762008
21.190000000000023,78.99000000000002,0.7036644101861006,4.172221204099377
21.190000000000023,79.00000000000003,0.761597071826058,5.398965586354713
21.190000000000023,79.01000000000003,0.8279441715267679,6.803888638960387
21.190000000000023,79.02000000000004,0.9043689612630701,8.422210304495431
21.190000000000023,79.03000000000004,0.9932363643544235,10.304008661792837
21.190000000000023,79.04000000000005,1.0985962521290464,12.53504115337484
21.190000000000023,79.05000000000005,1.2294549009204019,15.306018832114848
21.190000000000023,79.06000000000006,1.4114854279900608,19.16057893966675
21.190000000000023,79.07000000000006,1.7216727652199304,25.728904347505953
21.190000000000023,79.08000000000007,2.0138899601974423,31.916705704967264
21.190000000000023,79.09000000000007,1.6344293233761151,23.881493937888198
21.190000000000023,79.10000000000008,1.355864205499287,17.98278009022343
21.190000000000023,79.11000000000008,1.1864580279684205,14.395545001718466
21.190000000000023,79.12000000000009,1.0635116951795094,11.792113383039556
21.190000000000023,79.1300000000001,0.9660216302302667,9.727727143624936
21.190000000000023,79.1400000000001,0.8858126286969625,8.029273469101812
21.190000000000023,79.1500000000001,0.819254885238193,6.619889961209917
